Series	Region
ENCSR889JIE	lv
ENCSR196JUO	lv
ENCSR716XVF	lv
ENCSR487MGY	lv
ENCSR305JVN	lv
ENCSR038TKH	lv
ENCSR323AMA	lv
ENCSR196LCO	lv
ENCSR891TJB	lv
ENCSR056LAM	lv
ENCSR535LSU	lv
ENCSR418BIA	lv
ENCSR725MMM	lv
ENCSR861PPJ	lv
ENCSR882CKY	lv
ENCSR060VMC	lv
ENCSR549BXX	lv
ENCSR100UGC	lv
ENCSR703OZJ	lv
ENCSR870POU	lv
ENCSR000ULP	lv
ENCSR938QYK	lv
ENCSR966RKP	lv
ENCSR239BIN	lv
ENCSR623PHF	lv
ENCSR707XPP	lv
ENCSR529JMP	lv
ENCSR243CWX	lv
ENCSR730AXV	lv
ENCSR954THM	lv
ENCSR983ILQ	lv
ENCSR673CAA	lv
ENCSR188XNY	lv
ENCSR523NMC	lv
ENCSR629CZM	lv
ENCSR793XGJ	lv
ENCSR304NKV	lv
ENCSR613LBN	la
ENCSR923FKN	la
ENCSR351CSQ	la
ENCSR218RZE	ra
ENCSR002WBD	ra
ENCSR488VFJ	ra
ENCSR793DNM	lv
ENCSR568QKW	lv
ENCSR245BNT	lv
ENCSR508WRP	lv
ENCSR956ZER	lv
ENCSR265ZRW	lv
ENCSR822CXI	lv
ENCSR573DJW	lv
ENCSR300BCB	lv
ENCSR768WQT	lv
ENCSR511RDV	rv
ENCSR534YJW	rv
ENCSR079UEO	rv
ENCSR987VTJ	lv
ENCSR320RLS	rv
ENCSR201BHG	rv